
USE lms;

-- Authors (id, first_name, last_name, short_biography)
INSERT INTO Author (AuthorID, FirstName, LastName, Biography) VALUES
(1, 'Jane', 'Holloway', 'Contemporary fiction author focusing on family dynamics and small-town life.'),
(2, 'Miguel', 'Santos', 'Historian and nonfiction writer specializing in Latin American cultural history.'),
(3, 'Aisha', 'Rahman', 'Young adult novelist exploring identity, migration, and friendship.'),
(4, 'Robert', 'Chen', 'Science fiction author interested in AI, memory, and social change.'),
(5, 'Elena', 'Petrova', 'Poet and essayist writing about exile, language, and everyday rituals.'),
(6, 'Daniel', 'Ortiz', 'Crime novelist known for fast-paced plots and morally ambiguous detectives.'),
(7, 'Priya', 'Kapoor', 'Children''s author who crafts illustrated picture books about curiosity and community.'),
(8, 'Thomas', 'Adler', 'Philosophy popularizer writing accessible guides to ethics and modern thought.'),
(9, 'Mei', 'Lin', 'Cookbook author and food journalist focusing on regional Asian cuisines.'),
(10, 'David', 'Blake', 'Classic literature scholar who writes translations and annotated editions.'),
(11, 'Sofia', 'Alvarez', 'Memoirist exploring immigration, family memory, and resilience.'),
(12, 'Henrik', 'Olsen', 'Nature writer and photographer documenting Nordic landscapes and wildlife.'),
(13, 'Karen', 'Mitchell', 'Self-help author on productivity, habits, and work–life balance.'),
(14, 'Akira', 'Saito', 'Graphic novelist blending folklore and contemporary urban stories.'),
(15, 'Laila', 'Hassan', 'Poet and short-story writer focused on urban life and interpersonal intimacy.'),
(16, 'Marcus', 'Dubois', 'Political nonfiction writer analyzing modern European movements.'),
(17, 'Fiona', 'Gallagher', 'Historical fiction author specializing in 18th-century Ireland.'),
(18, 'Samuel', 'Park', 'Technical writer and educator in computer science and algorithms.'),
(19, 'Ingrid', 'Richter', 'Children''s non-fiction writer about science experiments for young learners.'),
(20, 'Omar', 'Khalid', 'Travel writer covering offbeat routes and cultural encounters.');

-- Genres (id, name, description)
INSERT INTO Genre (GenreID, `Name`, description) VALUES
(1, 'Fiction', 'Narrative works of imaginative prose covering contemporary and literary stories.'),
(2, 'Nonfiction', 'Informative works based on facts: history, biography, essays, and reportage.'),
(3, 'Young Adult', 'Novels targeted to teenage readers about coming-of-age themes.'),
(4, 'Science Fiction', 'Speculative narratives exploring science, technology, and futures.'),
(5, 'Poetry', 'Collections of poems and lyrical writing.'),
(6, 'Mystery/Crime', 'Stories focused on crime, investigations, and suspense.'),
(7, 'Children', 'Books designed for children: picture books and early readers.'),
(8, 'Philosophy', 'Works on ethics, thought, and philosophical inquiry.'),
(9, 'Cooking/Food', 'Cookbooks, food writing, and culinary guides.'),
(10, 'Memoir', 'Personal life narratives and autobiographical works.'),
(11, 'Nature', 'Writing about natural history, landscapes, and wildlife.'),
(12, 'Self-Help', 'Guides on personal development, habits, and well-being.');

-- Book statuses (id, name, description)
INSERT INTO BookStatus (BookStatusID, `Name`, `Description`) VALUES
(1, 'Available', 'Item is on shelf and available for checkout.'),
(2, 'Checked Out', 'Item is currently borrowed by a patron.'),
(3, 'Damaged', 'Item is damaged and may require repair or replacement.'),
(4, 'Lost', 'Item reported lost and not available in collection.'),
(5, 'On Hold', 'Item reserved for a patron and held for pickup.'),
(6, 'In Transit', 'Item is being transferred between branches.');


-- Books (isbn, title, authorID, genreID, publisher, publication_year, description)
INSERT INTO Book (isbn, title, AuthorID, GenreID, publisher, publicationyear, `Description`) VALUES
('9780307278351', 'Small Town Echoes', 1, 1, 'Harbor Press', 2018, 'A family saga about secrets and reconciliation in a coastal town.'),
('9781402894626', 'Borders of Memory', 2, 2, 'New Atlas Books', 2015, 'Cultural history tracing migration patterns across the 20th century.'),
('9780545010221', 'Between Two Streets', 3, 3, 'Rising Tide Publishing', 2020, 'A coming-of-age novel about friendship and new beginnings.'),
('9781250305669', 'The Memory Engine', 4, 4, 'Orion Books', 2021, 'Near-future SF about memory implants and social consequences.'),
('9780399164052', 'House of Quiet Songs', 5, 5, 'Lyrical Press', 2017, 'Poems on exile, language, and everyday rituals.'),
('9780743273565', 'Nightwork', 6, 6, 'Redwood Crime', 2016, 'A fast-paced crime novel with a morally ambiguous detective.'),
('9781476727758', 'The Little Lighthouse', 7, 7, 'Little Oak Books', 2019, 'Illustrated picture book about curiosity and community.'),
('9780198806782', 'Ethics for Everyone', 8, 8, 'Common Ground Press', 2014, 'An accessible guide to modern ethical questions.'),
('9781566199094', 'Wok & Hearth', 9, 9, 'Spice Road Publishing', 2013, 'Regional Asian recipes paired with food stories.'),
('9780143128540', 'Translations & Notes', 10, 1, 'Classic House', 2012, 'Annotated translations of 19th-century fiction.'),
('9780525476458', 'Crossing Lines', 11, 10, 'TrueStory Press', 2020, 'A memoir on immigration, family memory, and resilience.'),
('9780307389213', 'Northern Light', 12, 11, 'WildPath Books', 2011, 'Nature essays and photography of Nordic landscapes.'),
('9781250084124', 'Focus & Flow', 13, 12, 'Peak Performance', 2018, 'Practical habits and productivity techniques.'),
('9781603094528', 'Paper Spirits', 14, 1, 'Inkline Studio', 2019, 'A graphic novel blending folklore with urban life.'),
('9780743498430', 'City Quiet', 15, 5, 'UrbanVerse', 2016, 'Poems and short stories about intimacy and urban living.'),
('9780393072215', 'Rising Currents', 16, 2, 'Policy Press', 2017, 'Political analysis of contemporary European movements.'),
('9780262533058', 'Algorithms Unlocked', 18, 2, 'TechLearn Publishing', 2015, 'An approachable introduction to fundamental algorithms.'),
('9780307389220', 'Echoes of Tara', 17, 1, 'Heritage Books', 2013, 'Historical fiction set in 18th-century Ireland.'),
('9781908210123', 'Experiments for Kids', 19, 11, 'Bright Minds', 2014, 'Hands-on science experiments aimed at young learners.'),
('9781250306000', 'Offbeat Routes', 20, 2, 'Wayfarer Press', 2019, 'Travel essays on lesser-known cultural encounters.'),
('9780062457714', 'After the Storm', 1, 1, 'Harbor Press', 2022, 'A novel about rebuilding life after sudden loss.'),
('9781250307770', 'Reclaimed Voices', 2, 2, 'New Atlas Books', 2021, 'Essays on recovering overlooked cultural histories.'),
('9781250308883', 'Summer in the Alley', 3, 3, 'Rising Tide Publishing', 2022, 'YA novel about first love and neighborhood secrets.'),
('9781250309996', 'Synthetic Dawn', 4, 4, 'Orion Books', 2023, 'A near-future tale of synthetic life and labor rights.'),
('9780812994571', 'Quiet Rituals', 5, 5, 'Lyrical Press', 2019, 'New poems on language, homes, and migration.'),
('9780316017786', 'Hollow City', 6, 6, 'Redwood Crime', 2020, 'A detective thriller unfolding in a decaying metropolis.'),
('9781250310118', 'Bright Harbor', 7, 7, 'Little Oak Books', 2021, 'A picture book celebrating neighborhood helpers.'),
('9780198823340', 'Thought Experiments', 8, 8, 'Common Ground Press', 2016, 'Philosophical thought experiments for everyday life.'),
('9781849217887', 'Market Kitchen', 9, 9, 'Spice Road Publishing', 2018, 'Seasonal recipes inspired by regional markets.'),
('9780199456782', 'Old Tongues', 10, 1, 'Classic House', 2010, 'Critical essays and translated fragments.'),
('9780385543210', 'Homecoming', 11, 10, 'TrueStory Press', 2015, 'A memoir about returning home and reassembly of identity.'),
('9780307400002', 'Fjords & Fur', 12, 11, 'WildPath Books', 2012, 'Photographic journeys through northern wildlife.'),
('9781250312221', 'Habit Lab', 13, 12, 'Peak Performance', 2019, 'A practical workbook for building sustainable habits.'),
('9781593070205', 'City Folktales', 14, 1, 'Inkline Studio', 2020, 'Graphic retellings of urban legends and folk stories.'),
('9780143129999', 'Quiet Streets', 15, 5, 'UrbanVerse', 2018, 'Short stories and poems about quiet city moments.'),
('9780307412345', 'The New Left', 16, 2, 'Policy Press', 2014, 'An analysis of post-crisis political realignment.'),
('9780596520687', 'Code Patterns', 18, 2, 'TechLearn Publishing', 2013, 'Practical patterns and examples for common algorithms.'),
('9780743277777', 'Tara''s Secret', 17, 1, 'Heritage Books', 2016, 'A historical mystery set against 18th-century upheaval.'),
('9781908210345', 'Junior Lab', 19, 11, 'Bright Minds', 2017, 'Science projects and explanations for classroom use.'),
('9781250315550', 'Roadside Conversations', 20, 2, 'Wayfarer Press', 2022, 'A travelogue of encounters along lesser-known roads.'),
('9780307500006', 'Distant Shores', 1, 1, 'Harbor Press', 2010, 'A multi-generational family novel spanning decades.'),
('9781250316663', 'Cities in Transit', 2, 2, 'New Atlas Books', 2019, 'Urban history and the movements shaping modern cities.'),
('9781250317774', 'Night Market', 9, 9, 'Spice Road Publishing', 2020, 'A cookbook inspired by night markets across Asia.'),
('9780316999991', 'Signals', 4, 4, 'Orion Books', 2017, 'Short SF stories about communication and misconnection.'),
('9781250318885', 'Pocket Atlas of Habits', 13, 12, 'Peak Performance', 2020, 'Concise habit guides and quick exercises.'),
('9780399999992', 'Letters from Exile', 5, 5, 'Lyrical Press', 2014, 'Selected poems and translated letters.'),
('9780743277778', 'Cold Case Blues', 6, 6, 'Redwood Crime', 2018, 'A retired detective reopens an unsolved case.');

-- Books (isbn,

-- BookCopy table (BookCopyID, BookID, StatusID, location varchar(50), acquisitionDate DATE)
-- Assumes books.id values correspond to the previous INSERTs (1..50 mapped in that dataset).
INSERT INTO BookCopy (BookCopyID, BookID, StatusID, location, acquisitionDate) VALUES
(1, 105, 1, 'Main Branch - Shelf A3', '2018-06-12'),
(2, 105, 2, 'Main Branch - Holds Shelf', '2022-01-05'),
(3, 106, 1, 'Main Branch - Shelf B1', '2015-09-20'),
(4, 107, 1, 'East Branch - Shelf C2', '2020-07-15'),
(5, 107, 5, 'East Branch - Hold Shelf', '2022-08-01'),
(6, 108, 1, 'Main Branch - Shelf D4', '2021-03-30'),
(7, 109, 1, 'North Branch - Poetry', '2017-11-11'),
(8, 110, 1, 'Main Branch - Mystery', '2016-04-04'),
(9, 110, 3, 'Repair Room', '2019-02-20'),
(10, 111, 1, 'Children Section - Shelf C1', '2019-10-10'),
(11, 112, 1, 'Reference - Shelf R2', '2014-05-22'),
(12, 113, 1, 'Cooking Section - Shelf K1', '2013-12-01'),
(13, 114, 1, 'Archive - Shelf X1', '2012-07-07'),
(14, 115, 5, 'Main Branch - Hold Shelf', '2020-11-02'),
(15, 116, 1, 'North Branch - Nature', '2011-03-18'),
(16, 117, 1, 'Main Branch - Self-Help', '2018-02-14'),
(17, 118, 1, 'Graphic Novels - Shelf G1', '2019-08-08'),
(18, 119, 1, 'Poetry - Shelf P2', '2016-06-06'),
(19, 120, 2, 'Main Branch - Holds Shelf', '2017-09-09'),
(20, 121, 1, 'Tech Section - Shelf T1', '2015-01-25'),
(21, 122, 1, 'East Branch - History', '2013-10-10'),
(22, 123, 1, 'Children Section - Nonfiction', '2014-04-04'),
(23, 124, 1, 'Travel Section - Shelf V1', '2019-12-12'),
(24, 125, 1, 'Main Branch - Shelf A4', '2022-09-01'),
(25, 126, 1, 'Main Branch - Shelf B2', '2021-05-05'),
(26, 127, 1, 'East Branch - YA', '2022-06-06'),
(27, 128, 1, 'Main Branch - Sci-Fi', '2023-02-02'),
(28, 129, 1, 'North Branch - Poetry', '2019-03-03'),
(29, 130, 1, 'Main Branch - Mystery', '2020-10-10'),
(30, 131, 1, 'Children Section - Picture Books', '2021-07-07'),
(31, 132, 1, 'Reference - Shelf R3', '2016-01-01'),
(32, 133, 1, 'Cooking Section - Shelf K2', '2018-08-08'),
(33, 134, 1, 'Main Branch - Memoir', '2010-02-02'),
(34, 135, 1, 'North Branch - Nature', '2012-11-11'),
(35, 136, 1, 'Main Branch - Self-Help', '2019-04-04'),
(36, 137, 1, 'Graphic Novels - Shelf G2', '2020-12-12'),
(37, 138, 1, 'Main Branch - Short Fiction', '2018-09-09'),
(38, 139, 1, 'Policy Section - Shelf Y1', '2017-07-07'),
(39, 140, 1, 'Tech Section - Shelf T2', '2013-03-03'),
(40, 141, 1, 'Heritage Room - Shelf H1', '2013-05-05'),
(41, 142, 1, 'Children Section - Classroom Set', '2017-09-01'),
(42, 143, 1, 'Travel Section - Shelf V2', '2022-11-11'),
(43, 144, 1, 'Main Branch - Shelf A1', '2010-10-10'),
(44, 145, 1, 'East Branch - Urban', '2019-01-01'),
(45, 146, 1, 'Spice Collection - Shelf S1', '2020-05-05'),
(46, 147, 1, 'Main Branch - Sci-Fi', '2017-02-02'),
(47, 148, 1, 'Self-Help - Quick Reads', '2020-03-03'),
(48, 149, 1, 'Poetry - Shelf P5', '2014-06-06'),
(49, 150, 1, 'Main Branch - Mystery', '2018-12-12'),
(50, 151, 1, 'Redwood Crime - Special', '2016-08-08');

-- Checkout table (CheckoutID, LoanedTO, BookCopyID, CheckoutDate DATE, DueDate DATE, ReturnDate, CheckedOutBy, ReturnedBy, LateFeeAssessed, latefeepaid)
-- LoanedTO set to 3, CheckedOutBy set to 2. ReturnedBy = 2 if returned, otherwise NULL.
INSERT INTO Checkout (CheckoutID, LoanedTO, BookCopyID, CheckoutDate, DueDate, ReturnDate, CheckedOutBy, ReturnedBy, LateFeeAssessed, latefeepaid) VALUES
(1, 3, 2, '2022-01-05', '2022-01-19', '2022-01-18', 2, 2, NULL, 0),
(2, 3, 5, '2022-08-01', '2022-08-15', NULL, 2, NULL, NULL, 0),
(3, 3, 9, '2019-02-20', '2019-03-06', '2019-03-10', 2, 2, 4.00, 1),
(4, 3, 14, '2020-11-02', '2020-11-16', NULL, 2, NULL, NULL, 0),
(5, 3, 19, '2017-09-09', '2017-09-23', '2017-09-23', 2, 2, NULL, 0),
(6, 3, 24, '2022-09-01', '2022-09-15', '2022-09-20', 2, 2, 2.50, 0),
(7, 3, 26, '2022-06-06', '2022-06-20', NULL, 2, NULL, NULL, 0),
(8, 3, 30, '2021-07-07', '2021-07-21', '2021-07-18', 2, 2, NULL, 0),
(9, 3, 33, '2010-02-02', '2010-02-16', '2010-02-16', 2, 2, NULL, 0),
(10, 3, 36, '2020-12-12', '2020-12-26', '2021-01-05', 2, 2, 5.00, 1),
(11, 3, 41, '2017-09-01', '2017-09-15', NULL, 2, NULL, NULL, 0),
(13, 3, 3, '2015-09-20', '2015-10-04', '2015-10-04', 2, 2, NULL, 0),
(14, 3, 6, '2021-03-30', '2021-04-13', NULL, 2, NULL, NULL, 0),
(15, 3, 12, '2013-12-01', '2013-12-15', '2013-12-20', 2, 2, 1.25, 1);